{
  "기초금액": 39000000,
  "발주처투찰률": 87.745,
  "시뮬레이션_횟수": 10000,
  "예정가격": {
    "평균": 38995307.46428571,
    "중앙값": 39000000.0,
    "표준편차": 318991.9586967072,
    "최소": 38080714.28571428,
    "최대": 39919285.71428572,
    "변동폭": 1838571.4285714328
  },
  "낙찰하한가": {
    "평균": 34216432.5345375,
    "중앙값": 34220550.0,
    "표준편차": 279899.49415842583,
    "최소": 33413922.75,
    "최대": 35027177.25000001,
    "변동폭": 1613254.5000000075
  },
  "기초대비_낙찰하한율": {
    "평균": 87.734,
    "중앙값": 87.745,
    "표준편차": 0.718,
    "최소": 85.677,
    "최대": 89.813,
    "변동폭": 4.137,
    "백분위수": {
      "5%": 86.523,
      "25%": 87.181,
      "50%": 87.745,
      "75%": 88.215,
      "95%": 88.967
    }
  },
  "과거_1위_데이터": {
    "데이터_개수": 112,
    "평균": 87.851,
    "중앙값": 87.842,
    "표준편차": 0.505,
    "최소": 86.764,
    "최대": 89.672
  },
  "비교분석": {
    "안전_마진": 0.117,
    "추천_입찰률": 87.842,
    "추천_입찰금액": 34258575
  }
}